TAG1,TAG2,TAG3,TAG4,TAG5,TAG6,TAG7,TAG8,TAG9,TAG10,TAG11,TAG12,TAG13,TAG14,TAG15,TAG16,TAG17,TAG18,TAG19,TAG20,TAG21,TAG22,TAG23,TAG24,TAG25,TAG26,TAG27,TAG28,TAG29,TAG30,
미분당 ,신촌맛집 ,쌀국수,,,,,,,,,,,,,,,,,,,,,,,,,,,,
못난감자앤치킨,홍대맛집 ,홍대술집 ,홍대데이트 ,홍대치킨 ,신촌맛집 ,신촌술집 ,신촌데이트 ,신촌치킨,,,,,,,,,,,,,,,,,,,,,,
문래동맛집,문래동맛집추천,영등포,영등포맛집,영등포맛집추천,영등포데이트,롯데월드,롯데월드맛집,가로수길,가로수길맛집,이태원,이태원맛집,홍대,홍대맛집,펍,문래예술촌,문래예술촌맛집,문래동데이트,신도림맛집,구로맛집,여의도맛집,여의도맛집추천,한강데이트,신촌맛집,이대맛집,서울대입구맛집,,,,,
부엉이돈까스 ,상수맛집 ,상수역맛집 ,합정맛집 ,홍대데이트 ,신촌맛집 ,신촌역맛집 ,신촌데이트 ,홍대상수맛집 ,볼케이노돈까스 ,생방송오늘저녁맛집 ,맛스타그램 ,먹스타그램 ,매운거 ,매운음식 ,뭐먹지,,,,,,,,,,,,,,,
술스타그램 ,맥주 ,부대찌개 ,점심 ,점심메뉴 ,놀부부대찌개 ,먹스타그램 ,맛스타그램 ,먹방,,,,,,,,,,,,,,,,,,,,,,
패션블로거 ,산책 ,칼국수 ,하객패션 ,아기패션 ,패션아이템 ,남자패션 ,여자패션 ,일산맛집 ,카페투어 ,디저트카페 ,플라워카페 ,드레스대여 ,셀프웨딩드레스 ,자몽에이드 ,덕후 ,동해 ,동해바다 ,동해맘 ,데이트룩 ,제2롯데월드  ,데이트룩 ,롯데타워 ,불꽃놀이 ,불꽃축제 ,신촌맛집 ,드라이플라워 ,플로리스트 ,플라워 ,장미,
강남맛집 ,홍대맛집,이태원맛집,창원맛집,신촌맛집,서면맛집,건대맛집,인천맛집,부천맛집,수원맛집,성남맛집,안양맛집,분당맛집,강릉맛집,속초맛집,대전맛집,청주맛집,전주맛집,대구맛집,통영맛집,부산맛집,포항맛집,광주맛집 ,일산맛집,남포동맛집 ,대학로맛집 ,인친 ,먹방 ,맛집,,
얼스타그램,친스타그램,셀스타그램,셀카,데일리룩,인친,인스타데일리,학동,구리,파주,파주아울렛 ,노원,까치산,화곡,서울역,용산,시청맛집,홍대,왕십리,공덕 ,여의도,안국역,신촌,신촌맛집,고대,경희대,이대 ,평택,평택역,평택맛집,
미분당,,,,,,,,,,,,,,,,,,,,,,,,,,,,,,
김도사불백 ,신촌 ,신촌맛집 ,불백 ,다트 ,야구배팅 ,사격 ,맥주,가족 ,일상,삼촌 ,동생,,,,,,,,,,,,,,,,,,,
신촌 ,맛집 ,신촌맛집 ,먹스타그램 ,맛스타그램 ,일상 ,소통 ,먹방 ,공유 ,환영 ,샐러드 ,뉴욕비앤씨 ,팔로우 ,팔로워 ,팔로우 ,맞팔 ,선팔 ,좋아요,,,,,,,,,,,,,
베트남노상식당 ,쌀국수,나시고랭,짜조 ,드디어오픈,신촌맛집 ,착한가격 ,맛있다그램,,,,,,,,,,,,,,,,,,,,,,,
먹스타그램 ,맛스타그램 ,신촌 ,신촌맛집 ,인도커리 ,난 ,커리 ,시금치커리 ,빨락빠니르 ,이지인디아 ,이지인디아신촌점,,,,,,,,,,,,,,,,,,,,
못난감자앤치킨 ,신촌맛집,치즈퐁듀치킨,,,,,,,,,,,,,,,,,,,,,,,,,,,,
신촌맛집,이찌멘,라멘,,,,,,,,,,,,,,,,,,,,,,,,,,,,
첫줄,일상스타그램 ,맛집스타그램,아카라카 ,화양연화 ,연세대학교 ,YONSEI ,신촌 ,자이언티 ,싸이 ,블랙핑크 ,아이유 ,로이킴 ,박정현,신촌맛집 ,곱창이야기,,,,,,,,,,,,,,,
흔한포토의흔한일상,흔포흔일,음식사진,홍콩식,홍합,홍합볶음,완차이,중화요리,신촌맛집,신촌,대한민국,서울,,,,,,,,,,,,,,,,,,,
흔한포토의흔한일상,흔포흔일,음식사진,홍콩식,홍합,홍합볶음,완차이,중화요리,신촌맛집,신촌,대한민국,서울,,,,,,,,,,,,,,,,,,,
신촌맛집 ,하늘본닭 ,명동춘천닭갈비 ,닭갈비집 ,존맛탱 ,00년생 ,18살 ,먹스타그램 ,알바생이훈남 ,하트도꾸욱 ,소통해유,완전좋은곳 ,실물비쥬얼,,,,,,,,,,,,,,,,,,
신촌 ,소곱창 ,신촌맛집 ,황소곱창 ,소곱창은사랑 ,볶음밥 ,먹스타그램,,,,,,,,,,,,,,,,,,,,,,,,
신촌,황소곱창,신촌황소곱창,신촌맛집,곱창맛집,,,,,,,,,,,,,,,,,,,,,,,,,,
맛스타그램 ,먹스타그램 ,신촌맛집 ,이대맛집 ,수제버거 ,햄버거 ,포원제로,,,,,,,,,,,,,,,,,,,,,,,,
육회물회,육성식당,신촌맛집,신촌맛집베스트,먹스타그램 ,맛스타그램 ,신촌소고기,갈비,,,,,,,,,,,,,,,,,,,,,,,
소곱창,소곱창덕후,신촌맛집,이라고했는데,분명,부들부들,또가진않을듯,일상,먹스타그램,,,,,,,,,,,,,,,,,,,,,,
시오 ,연희동시오 ,연희동맛집 ,연남동맛집 ,연세대맛집 ,홍대맛집,신촌맛집 ,서울대입구시오 ,서울대입구맛집 ,용인맛집 ,용인시오 ,데이트 ,맛집 ,일본가정식 ,맛스타그램 ,맛집투어,,,,,,,,,,,,,,,
신촌 ,신촌맛집 ,칼 ,부챗살스테이크 ,소고기오일파스타 ,레드와인 ,욜 ,한잔에취하네 ,누가봐도 ,대충찍음ㅋ ,배고파서 ,급했어,,,,,,,,,,,,,,,,,,,
이대맛집,신촌맛집,빵낀과,이대빵낀고빵사이에낀과일,참치샌드위치,샌드위치,참치치즈샌드위치,떡볶이,치즈떡볶이,오레오쉐이크,맛스타그램,먹스타그램,냠냠,쩝쩝,,,,,,,,,,,,,,,,,
짚신매운갈비찜,신촌맛집,짚신,매갈,매운갈비찜,냠냠,쩝쩝,맛스타그램,먹스타그램,술안주,매운음식,야식,,,,,,,,,,,,,,,,,,,
김덕후의곱창조 ,신촌곱창 ,신촌맛집 ,곱창무한리필 ,무한리필 ,먹스타그램 ,맛스타그램,,,,,,,,,,,,,,,,,,,,,,,,
김덕후의곱창조 ,신촌곱창 ,신촌맛집 ,곱창무한리필 ,무한리필,,,,,,,,,,,,,,,,,,,,,,,,,,
이화성 ,이대맛집 ,서울맛집 ,신촌맛집 ,맛집 ,서울 ,신촌 ,맛집스타그램 ,맛집탐방 ,맛집정복 ,맛스타그램 ,먹스타그램 ,맛스타 ,먹스타  ,일상 ,데일리,,,,,,,,,,,,,,,
닌자스시 ,점심특선 ,고르곤졸라피자,신촌 ,신촌맛집 ,먹스타그램 ,맛스타그램,,,,,,,,,,,,,,,,,,,,,,,,
닌자스시 ,점심특선 ,초밥 ,신촌 ,신촌맛집 ,먹스타그램 ,맛스타그램,,,,,,,,,,,,,,,,,,,,,,,,
닌자스시 ,점심특선 ,소바,신촌 ,신촌맛집 ,먹스타그램 ,맛스타그램,,,,,,,,,,,,,,,,,,,,,,,,
첫줄,신촌,신촌맛집,연어상회,무한리필,연어,연어사케동,감자튀김,치킨,리코타치즈샐러드,김치전,맛있다그램,먹스타그램,,,,,,,,,,,,,,,,,,
셀스타그램 ,얼스타그램 ,맛스타그램 ,셀카 ,셀피 ,푸디 ,목걸이 ,귀걸이 ,피어싱 ,또보겠지떡볶이 ,존맛 ,맛집 ,떡볶이 ,버터갈릭감자튀김 ,감자튀김 ,감튀 ,신촌맛집 ,홍대맛집 ,신촌 ,홍대 ,노랑 ,유니클로 ,린넨셔츠,,,,,,,,
신촌 ,소신이쏘 ,크림소갈비찜 ,콘치즈,겟아웃 ,럽스타그램 ,데이트 ,일상,먹스타그램 ,신촌맛집,,,,,,,,,,,,,,,,,,,,,
신촌맛집 ,야바이 ,오코노미야끼 ,일본철판요리전문점 ,맛있어 ,맛있다,,,,,,,,,,,,,,,,,,,,,,,,,
신촌맛집 ,푼푼찌개집 ,양푼김치찌개,,,,,,,,,,,,,,,,,,,,,,,,,,,,
김덕후의곱창조 ,신촌맛집 ,신촌곱창 ,곱창무한리필 ,무한리필 ,맛있다,행복해,,,,,,,,,,,,,,,,,,,,,,,,
신촌 ,신촌맛집 ,맛집 ,맛집추천 ,맛집탐방 ,맛집스타그램 ,등심 ,등심스테이크 ,도쿄스테이크 ,신촌점 ,숙주 ,맛있다,양이적다 ,라지사이즈,,,,,,,,,,,,,,,,,
제주용돈가 ,신촌맛집 ,소주값만20만원,전래맛있어 ,육질최고봉 ,삼겹살 ,목살,,,,,,,,,,,,,,,,,,,,,,,,
닭발먹은새우,,,,,,,,,,,,,,,,,,,,,,,,,,,,,,
맛있어요,고기는진리,고기는사랑,고기는옳다,소고기,육회,신촌,신촌맛집,셀스타그램 ,얼스타그램,다이어트,언젠가는,먹을려고사니?,,,,,,,,,,,,,,,,,,
인도네팔음식점 ,수엠부 ,서강대맛집 ,서강대앞 ,신촌맛집 ,차이라떼 ,밀크티 ,라씨 ,플레인라씨 ,인도음식점 ,인도요리 ,냠냠 ,맛저 ,일요일 ,주말의끝을잡고,,,,,,,,,,,,,,,,
신촌맛집 ,신촌파스타 ,신촌현대백화점 ,벨피아또 ,풍기끄레마 ,고르곤졸라 ,청포도에이드,,,,,,,,,,,,,,,,,,,,,,,,
베트남노상식당 ,신촌역 ,신촌 ,쌀국수맛집 ,이대맛집 ,연대맛집 ,신촌맛집 ,아모제푸드시스템 ,베트남,새우크로켓반미세트 ,푸팟퐁커리,맛집 ,먹방 ,맛스타그램 ,먹스타그램 ,홍보 ,대놓고홍보,,,,,,,,,,,,,,
빠빠빠치킨,먹스타그램  ,치맥 ,신촌맛집,,,,,,,,,,,,,,,,,,,,,,,,,,,
더멜팅팟 ,더멜팅팟캔메이커 ,신촌맛집 ,아보카도수제햄버거 ,수제햄버거맛집,,,,,,,,,,,,,,,,,,,,,,,,,,
강원도횡성,횡성한우,고기육즙,최고,홍대,젠틀서퍼,안주짱맛,훈남사장님,신촌,신촌맛집,이찌멘,일본식,나가사끼짬뽕,,,,,,,,,,,,,,,,,,
카페추천,일상,맛집,먹부림,신촌맛집,강남맛집,홍대맛집,이태원맛집,핵맛,압구정맛집,조리원,조리원동기,육아,출산맘,예비맘,딸바보,아들바보,애스타그램,친구결혼,당일치기,당일여행,주말약속,홍대,드라이브,야경,데이트,공연,대학로,,,
신촌맛집 ,스테이크맛집 ,블랙스톤 ,저녁 ,고마워,고기사랑 ,영이랑같이 ,먹스타그램 ,일상 ,주말스타그램 ,신촌맛집왜다줄서야돼ㅠㅠ,,,,,,,,,,,,,,,,,,,,
생선요리 ,고등어 ,간고등어 ,백반 ,한식 ,신촌맛집 ,고삼이 ,생선구이 ,맛집 ,된장찌개,,,,,,,,,,,,,,,,,,,,,
신촌맛집,신촌짚신,짚신매운갈비찜,,,,,,,,,,,,,,,,,,,,,,,,,,,,
신촌 ,신촌맛집 ,신촌역맛집,야바이,철판요리 ,오코노미이야끼,몬자야끼 ,야끼소바,야유회 ,일요일 ,월요일,인스타 ,데일리 ,맞팔 ,선팔 ,소통 ,인증샷 ,이벤트,날이좋아서 ,떠나요 ,굿밤,,,,,,,,,,
퐁당,,,,,,,,,,,,,,,,,,,,,,,,,,,,,,
데일리 ,일상 ,맛스타그램 ,먹스타그램 ,먹방 ,음식스타그램 ,푸드스타그램 ,맛있다 ,쿡스타그램 ,인스타그램 ,맛집투어 ,맛집탐방 ,맛집추천 ,꿀맛 ,아이폰7,서울맛집 ,신촌맛집 ,야바이 ,맛있는녀석들 ,오코노미야끼 ,일요일 ,주말 ,마무리 ,버닝다이어트 ,버닝중,,,,,,
마앤라 ,신촌샤브샤브 ,이대샤브샤브 ,훠궈 ,신촌맛집 ,이대맛집 ,중국식훠궈,,,,,,,,,,,,,,,,,,,,,,,,
신촌맛집 ,신촌연어 ,연어상회신촌 ,신촌연어무한리필 ,신촌술집,달걀,자급자족,,,,,,,,,,,,,,,,,,,,,,,,
럽스타그램 ,1129일 ,신촌맛집 ,여우골 구 ,은행골 ,엘지트윈스 ,승요 ,주말데이트 ,먹스타그램 ,초밥 ,워어어어어어얼화아아아아수우우모옥금퇼,,,,,,,,,,,,,,,,,,,,
신촌 ,신촌맛집 ,신촌맛집,신촌맛집추천 ,신촌파스타 ,파르미이탈리아노 ,먹방 ,먹스타그램 ,맛스타그램,,,,,,,,,,,,,,,,,,,,,,
영랜드,발당구,회원권,재밌당,오앙,연휴,즐거워,영랜드 ,발당구 ,발포켓볼 ,신촌데이트 ,이대데이트 ,이대 ,이대역 ,이대놀거리 ,신촌놀거리 ,이대추천 ,실내데이트 ,이색데이트 ,신촌 ,신촌역 ,신촌맛집 ,이대맛집 ,서울 ,데이트 ,존잼,럽스타그램 ,커플 ,고양이카페 ,고양이 ,이대고양이카페
철길왕갈비살 ,신촌맛집 ,홍대맛집,,,,,,,,,,,,,,,,,,,,,,,,,,,,
불꽃놀이 ,아쿠아리움 ,필드,장미,한강 ,얼스타그램 ,축제,플로리스트 ,잠실 ,밥상 ,고양이,얼스타그램 ,라운딩 ,집밥 ,신촌맛집 ,안개꽃 ,팔로우 ,아이돌 ,선팔 ,맞팔,,,,,,,,,,,
영랜드 ,발당구 ,3승1패 ,닌텐도 ,Wii ,팔 ,아파 ,꿀잼,발포켓볼 ,신촌데이트 ,이대데이트 ,이대 ,이대역 ,이대놀거리 ,신촌놀거리 ,이대추천 ,실내데이트 ,이색데이트 ,신촌 ,신촌역 ,신촌맛집 ,이대맛집 ,서울 ,데이트 ,존잼,럽스타그램 ,커플 ,고양이카페 ,고양이카페,,
아토규카츠,신촌맛집,규카츠맛집,신촌,,,,,,,,,,,,,,,,,,,,,,,,,,,
포석정 ,신촌 ,신촌맛집 ,먹스타 ,먹스타그램,,,,,,,,,,,,,,,,,,,,,,,,,,
신촌맛집 ,신촌초밥 ,신촌롤집 ,신촌스시 ,신촌데이트 ,신촌롤 ,신촌라임 ,라임 ,라임스시 ,라임롤집 ,신촌라임롤집,,,,,,,,,,,,,,,,,,,,
신촌 ,신촌맛집 ,장군찜닭 ,홍대 ,홍대맛집 ,일상 ,일상스타그램 ,데일리 ,데일리룩 ,셀카 ,셀스타그램  ,아이폰 ,고딩 ,고3 ,99,팔로우 ,팔로잉 ,맞팔 ,,,,,,,,,,,,,
숙이네조개전골,신촌맛집,먹스타그램,조개전골,이게바로조개전골,맛집으로고우고우,,,,,,,,,,,,,,,,,,,,,,,,,
포차어게인 ,모둠어묵탕,,,,,,,,,,,,,,,,,,,,,,,,,,,,,
신촌 ,신촌맛집 ,신촌고래수산 ,신촌고래횟집 ,회 ,사시미 ,도미 ,광어 ,껍도미 ,좋은데이 ,소주,,,,,,,,,,,,,,,,,,,,
맛집 ,맛스타그램 ,맛집스타그램 ,먹방 ,먹스타 ,먹스타그램 ,먹방스타그램 ,홍대맛집 ,홍대 ,홍대카페 ,신촌 ,신촌맛집 ,신촌카페 ,홍대더그리드 ,신촌장군찜닭 ,피자 ,파스타 ,찜닭 ,데이트 ,일상 ,일상스타그램 ,인스타그램 ,,,,,,,,,
신촌 ,맛집 ,미분당 ,드디어 먹어봄 ,고기 ,대박 ,맛있어 ,신촌맛집 ,쌀국수 ,혼밥 ,서울맛집 ,감성 ,먹스타 ,분위기좋은곳 ,홍대 ,이대 ,데일리그램 ,일상스타그램 ,인스타 ,아이폰 ,먹스타그램,,,,,,,,,,
뉴욕야시장 ,신촌 ,신촌맛집 ,신촌술집 ,스테이크 ,신촌스테이크 ,안주 ,야식,,,,,,,,,,,,,,,,,,,,,,,
신촌맛집,신촌짚신,짚신매운갈비찜,제오헤어,제오헤어이대점,디자이너유빈,매운갈비찜,,,,,,,,,,,,,,,,,,,,,,,,
신촌맛집 ,엉클스떡볶이 ,보은,,,,,,,,,,,,,,,,,,,,,,,,,,,,
틸레몽,와플,신촌맛집,이대맛집,너무너무너무,먹고싶었어,서브웨이,이제곧이사,자주데이트해,쫌만기다려,더데하자,여유,토요일,,,,,,,,,,,,,,,,,,
신촌 ,양꼬치 ,경성양꼬치 ,탕수육 ,신촌맛집 ,양꼬치맛집 ,양꼬치엔칭따오 ,먹방 ,주말 ,먹방스타그램 ,맛스타그램 ,먹스타그램,,,,,,,,,,,,,,,,,,,
도쿄스테이크 ,신촌점 ,신촌맛집 ,,,,,,,,,,,,,,,,,,,,,,,,,,,,
대포찜닭 ,신촌맛집 ,맛있당,맵당 ,맛스타그램 ,먹스타그램,,,,,,,,,,,,,,,,,,,,,,,,,
신촌맛집,신촌찜닭 ,신촌치즈를사랑한찜닭,,,,,,,,,,,,,,,,,,,,,,,,,,,,
